http://img.souche.com/files/default/6264fa8fd353f347ac8d2528c484b20c.jpg,,斯柯达,斯柯达野帝,https://app.tangeche.com/#/car/used/detail?carId=1i6z4GvpyY&cityCode=&provinceCode=,2017款  280TSI DSG前行版,540000,3.33万公里,2017年10月
http://img.souche.com/3e1c7ac93c87c0a20cb5f5347ceb8318.jpg,,英菲尼迪,英菲尼迪ESQ,https://app.tangeche.com/#/car/used/detail?carId=iF4OcffZBg&cityCode=&provinceCode=,2014款    1.6L 率性版,800000,1.14万公里,2017年11月
http://img.souche.com/files/default/1799d4f002aaa5d234a93d0386b173d1.jpg,,福特,福特福睿斯,https://app.tangeche.com/#/car/used/detail?carId=DhMXAVtrRt&cityCode=&provinceCode=,2017款  1.5L 自动舒适型,430000,4.66万公里,2017年12月
http://img.souche.com/files/default/bf1020cf35ce8db57c8a66db28bc653f.jpg,,英菲尼迪,英菲尼迪ESQ,https://app.tangeche.com/#/car/used/detail?carId=GcQNErduAb&cityCode=&provinceCode=,2014款    1.6L 率性版,800000,1.51万公里,2017年09月
http://img.souche.com/files/default/419a82f20f77d4b9d0f8a2f061088f82.jpg,,英菲尼迪,英菲尼迪ESQ,https://app.tangeche.com/#/car/used/detail?carId=PsuGvQCitx&cityCode=&provinceCode=,2014款    1.6L 率性版,800000,2.36万公里,2017年10月
http://img.souche.com/7abd4da60844842963f53a0041b365a9.jpg,,英菲尼迪,英菲尼迪ESQ,https://app.tangeche.com/#/car/used/detail?carId=OzAzdOyi6O&cityCode=&provinceCode=,2014款    1.6L 率性版,800000,2.48万公里,2017年09月
http://img.souche.com/files/default/5a80d6aba14b756f2cda655c430052c3.jpg,,英菲尼迪,英菲尼迪ESQ,https://app.tangeche.com/#/car/used/detail?carId=WFqQZpQGVY&cityCode=&provinceCode=,2014款    1.6L 率性版,800000,2.00万公里,2017年11月
http://img.souche.com/files/default/cbce474762f70e51820f81a8b92a6173.jpg,,英菲尼迪,英菲尼迪ESQ,https://app.tangeche.com/#/car/used/detail?carId=P5gvtmZJy1&cityCode=&provinceCode=,2014款    1.6L 率性版,800000,1.48万公里,2017年09月
http://img.souche.com/6fa9b4c658dbcf92924a71f598ecedef.jpg,,斯柯达,斯柯达野帝,https://app.tangeche.com/#/car/used/detail?carId=IIqqE56xBJ&cityCode=&provinceCode=,2017款  280TSI DSG前行版,540000,2.92万公里,2017年08月
http://img.souche.com/19c191fc0fddb35481487319b89083fb.jpg,,英菲尼迪,英菲尼迪ESQ,https://app.tangeche.com/#/car/used/detail?carId=YYOSnCg4s1&cityCode=&provinceCode=,2014款    1.6L 率性版,800000,2.00万公里,2017年08月
http://img.souche.com/62b4e26f68c94552efa042f012ff36a4.jpg,,英菲尼迪,英菲尼迪ESQ,https://app.tangeche.com/#/car/used/detail?carId=bbAPFAUWD2&cityCode=&provinceCode=,2014款    1.6L 率性版,800000,1.48万公里,2017年07月
http://img.souche.com/files/default/a9a1fb78cce8923d19835bd77e1b375e.jpg,,英菲尼迪,英菲尼迪ESQ,https://app.tangeche.com/#/car/used/detail?carId=0r8e9cXack&cityCode=&provinceCode=,2014款    1.6L 率性版,800000,1.79万公里,2017年10月
http://img.souche.com/04cb20a0f81d2e70704ecb725cf744b9.jpg,,Jeep,Jeep自由侠,https://app.tangeche.com/#/car/used/detail?carId=4ke4hPGzbm&cityCode=&provinceCode=,2017款  180T 自动劲能版,790000,2.77万公里,2017年10月
http://img.souche.com/files/default/70d798d4749e7ab227107b36281caaf6.jpg,,众泰,众泰T600,https://app.tangeche.com/#/car/used/detail?carId=e2sRXI2v3u&cityCode=&provinceCode=,2014款    1.5T 手动豪华型,860000,6.62万公里,2014年09月
http://img.souche.com/4e8d291bb91538374c81ab1d043d9529.jpg,,Jeep,Jeep自由侠,https://app.tangeche.com/#/car/used/detail?carId=fj42wnA42H&cityCode=&provinceCode=,2017款  180T 自动劲能版,790000,6.49万公里,2017年12月
http://img.souche.com/d55b40f3c624043be9fc96c7a0ff24e7.jpg,,英菲尼迪,英菲尼迪ESQ,https://app.tangeche.com/#/car/used/detail?carId=JAcLmLTR3R&cityCode=&provinceCode=,2014款    1.6L 率性版,800000,1.03万公里,2017年08月
http://img.souche.com/7f709da255550f971e2b2422c98c75b2.jpg,,斯柯达,斯柯达野帝,https://app.tangeche.com/#/car/used/detail?carId=RHgTPYnf2G&cityCode=&provinceCode=,2017款  280TSI DSG前行版,540000,1.60万公里,2017年10月
http://img.souche.com/80977b7522e454cb9aa85762733c12cb.jpg,,斯柯达,斯柯达野帝,https://app.tangeche.com/#/car/used/detail?carId=aisPIObapg&cityCode=&provinceCode=,2017款  280TSI DSG前行版,540000,1.47万公里,2017年10月
http://img.souche.com/files/default/071dfd6239e2b16bfe8bdd0e6eaea0b7.jpg,,英菲尼迪,英菲尼迪ESQ,https://app.tangeche.com/#/car/used/detail?carId=ae4WSkGp2t&cityCode=&provinceCode=,2014款    1.6L 率性版,800000,1.44万公里,2017年09月
http://img.souche.com/f3981945a7a2c2b01291464c84b729c1.jpg,,斯柯达,斯柯达野帝,https://app.tangeche.com/#/car/used/detail?carId=1awXRZ5Dso&cityCode=&provinceCode=,2017款  280TSI DSG前行版,540000,4.18万公里,2017年07月
http://img.souche.com/files/default/344314a0d2a1190d342145f572d0157b.jpg,,东风风神,东风风神风神A60,https://app.tangeche.com/#/car/used/detail?carId=OXaeMv5znI&cityCode=&provinceCode=,2016款  1.6L 自动豪华型,410000,2.28万公里,2017年11月
http://img.souche.com/files/default/db93e9ea9186c63091517435133d15df.jpg,,斯柯达,斯柯达野帝,https://app.tangeche.com/#/car/used/detail?carId=CbgxkIrCqA&cityCode=&provinceCode=,2017款  280TSI DSG前行版,540000,1.07万公里,2017年10月
http://img.souche.com/files/default/e0e44b9915e29b09a0419bed77deb564.jpg,,Jeep,Jeep自由侠,https://app.tangeche.com/#/car/used/detail?carId=ZlcjoatNYM&cityCode=&provinceCode=,2017款  180T 自动劲能版,790000,0.85万公里,2018年05月
http://img.souche.com/files/default/7b336e661c4be361f80854f9d6714a88.jpg,,Jeep,Jeep自由侠,https://app.tangeche.com/#/car/used/detail?carId=qb84kAG8uV&cityCode=&provinceCode=,2017款  180T 自动劲能版,790000,2.48万公里,2017年10月
http://img.souche.com/88b56c4e99c945ceaaca9ed6caaaf5b3.jpg,,标致,标致3008,https://app.tangeche.com/#/car/used/detail?carId=vaqKe2xJaL&cityCode=&provinceCode=,2016款  1.6THP 自动领航版,720000,1.95万公里,2017年10月
http://img.souche.com/5d54394d3a7072222f462f128013f54c.jpg,,斯柯达,斯柯达野帝,https://app.tangeche.com/#/car/used/detail?carId=uI44yR822D&cityCode=&provinceCode=,2017款  280TSI DSG前行版,540000,2.16万公里,2017年10月
http://img.souche.com/2c75aa5c75722666e3d9580168f00228.jpg,,标致,标致4008,https://app.tangeche.com/#/car/used/detail?carId=Kn860q3UUZ&cityCode=&provinceCode=,2017款  350THP 精英版,840000,2.81万公里,2017年01月
http://img.souche.com/files/default/a407cccee31536de62a4f4e530a796b9.jpg,,标致,标致301,https://app.tangeche.com/#/car/used/detail?carId=fn8skbWBBk&cityCode=&provinceCode=,2017款  1.6L 自动舒适版,380000,2.14万公里,2017年10月
http://img.souche.com/files/default/a322df57db500ac181d05b0dc5b60800.jpg,,Jeep,Jeep自由侠,https://app.tangeche.com/#/car/used/detail?carId=Df65oPgM0k&cityCode=&provinceCode=,2017款  180T 自动劲能版,790000,0.71万公里,2017年10月
http://img.souche.com/6c099a5b4a6b3c594b9111a7303775c3.jpg,,标致,标致301,https://app.tangeche.com/#/car/used/detail?carId=NC4C0YVAQW&cityCode=&provinceCode=,2017款  1.6L 自动舒适版,380000,1.87万公里,2017年10月
http://img.souche.com/35be002c7559d920136b4824dcb9e020.jpg,,标致,标致301,https://app.tangeche.com/#/car/used/detail?carId=aPsZFQIDG7&cityCode=&provinceCode=,2016款  1.6L 自动舒适定制版,480000,2.49万公里,2017年01月
http://img.souche.com/files/default/f90a074dce24751a59687e0723aeb09b.jpg,,别克,别克昂科拉,https://app.tangeche.com/#/car/used/detail?carId=L7Q7rtOrYa&cityCode=&provinceCode=,2017款  18T 自动两驱都市领先型,540000,2.74万公里,2017年10月
http://img.souche.com/files/default/e1e1959c4bd8225dd4205d8b6dbc1581.jpg,,标致,标致301,https://app.tangeche.com/#/car/used/detail?carId=oPcVPS6Dol&cityCode=&provinceCode=,2017款  1.6L 自动舒适版,380000,1.99万公里,2017年10月
http://img.souche.com/files/default/056e5e3e47ed673977eabc53d53bc47d.jpg,,东风风神,东风风神风神A60,https://app.tangeche.com/#/car/used/detail?carId=01cHkpQX2l&cityCode=&provinceCode=,2016款  1.6L 自动豪华型,410000,1.23万公里,2017年11月
http://img.souche.com/files/default/e5dfea6e135ab9cc25e4eb9fb2c3de21.jpg,,Jeep,Jeep自由侠,https://app.tangeche.com/#/car/used/detail?carId=F3wjFRudUl&cityCode=&provinceCode=,2017款  180T 自动劲能版,790000,2.11万公里,2017年10月
http://img.souche.com/57b8ae82ec3bab350ec155a846db10cc.jpg,,斯柯达,斯柯达野帝,https://app.tangeche.com/#/car/used/detail?carId=4bwVwnCxYJ&cityCode=&provinceCode=,2017款  280TSI DSG前行版,540000,0.98万公里,2018年01月
http://img.souche.com/7c918bd6f2602dbea3ab1b98b84e0c28.jpg,,斯柯达,斯柯达野帝,https://app.tangeche.com/#/car/used/detail?carId=ElKgPKrTOf&cityCode=&provinceCode=,2017款  280TSI DSG前行版,540000,0.63万公里,2017年10月
http://img.souche.com/64a64060a9381afe9922f904734551b2.jpg,,本田,本田雅阁,https://app.tangeche.com/#/car/used/detail?carId=esOSlIjD2g&cityCode=&provinceCode=,2016款  2.0L 舒适版,890000,2.98万公里,2017年10月
http://img.souche.com/d2cf95a1a22ff43d39e530c0471a1035.jpg,,斯柯达,斯柯达野帝,https://app.tangeche.com/#/car/used/detail?carId=Ws6D2Nt2QF&cityCode=&provinceCode=,2017款  280TSI DSG前行版,540000,2.02万公里,2017年10月
http://img.souche.com/aa208cd9d02afd16c403ad03a8437c7e.jpg,,Jeep,Jeep自由侠,https://app.tangeche.com/#/car/used/detail?carId=SF4ym73rKG&cityCode=&provinceCode=,2017款  180T 自动劲能版,790000,1.63万公里,2018年01月
http://img.souche.com/files/default/6264fa8fd353f347ac8d2528c484b20c.jpg,,斯柯达,斯柯达野帝,https://app.tangeche.com/#/car/used/detail?carId=1i6z4GvpyY&cityCode=&provinceCode=,2017款  280TSI DSG前行版,540000,3.33万公里,2017年10月
http://img.souche.com/3e1c7ac93c87c0a20cb5f5347ceb8318.jpg,,英菲尼迪,英菲尼迪ESQ,https://app.tangeche.com/#/car/used/detail?carId=iF4OcffZBg&cityCode=&provinceCode=,2014款    1.6L 率性版,800000,1.14万公里,2017年11月
http://img.souche.com/files/default/1799d4f002aaa5d234a93d0386b173d1.jpg,,福特,福特福睿斯,https://app.tangeche.com/#/car/used/detail?carId=DhMXAVtrRt&cityCode=&provinceCode=,2017款  1.5L 自动舒适型,430000,4.66万公里,2017年12月
http://img.souche.com/files/default/bf1020cf35ce8db57c8a66db28bc653f.jpg,,英菲尼迪,英菲尼迪ESQ,https://app.tangeche.com/#/car/used/detail?carId=GcQNErduAb&cityCode=&provinceCode=,2014款    1.6L 率性版,800000,1.51万公里,2017年09月
http://img.souche.com/files/default/419a82f20f77d4b9d0f8a2f061088f82.jpg,,英菲尼迪,英菲尼迪ESQ,https://app.tangeche.com/#/car/used/detail?carId=PsuGvQCitx&cityCode=&provinceCode=,2014款    1.6L 率性版,800000,2.36万公里,2017年10月
http://img.souche.com/7abd4da60844842963f53a0041b365a9.jpg,,英菲尼迪,英菲尼迪ESQ,https://app.tangeche.com/#/car/used/detail?carId=OzAzdOyi6O&cityCode=&provinceCode=,2014款    1.6L 率性版,800000,2.48万公里,2017年09月
http://img.souche.com/files/default/5a80d6aba14b756f2cda655c430052c3.jpg,,英菲尼迪,英菲尼迪ESQ,https://app.tangeche.com/#/car/used/detail?carId=WFqQZpQGVY&cityCode=&provinceCode=,2014款    1.6L 率性版,800000,2.00万公里,2017年11月
http://img.souche.com/files/default/cbce474762f70e51820f81a8b92a6173.jpg,,英菲尼迪,英菲尼迪ESQ,https://app.tangeche.com/#/car/used/detail?carId=P5gvtmZJy1&cityCode=&provinceCode=,2014款    1.6L 率性版,800000,1.48万公里,2017年09月
http://img.souche.com/6fa9b4c658dbcf92924a71f598ecedef.jpg,,斯柯达,斯柯达野帝,https://app.tangeche.com/#/car/used/detail?carId=IIqqE56xBJ&cityCode=&provinceCode=,2017款  280TSI DSG前行版,540000,2.92万公里,2017年08月
http://img.souche.com/19c191fc0fddb35481487319b89083fb.jpg,,英菲尼迪,英菲尼迪ESQ,https://app.tangeche.com/#/car/used/detail?carId=YYOSnCg4s1&cityCode=&provinceCode=,2014款    1.6L 率性版,800000,2.00万公里,2017年08月
http://img.souche.com/62b4e26f68c94552efa042f012ff36a4.jpg,,英菲尼迪,英菲尼迪ESQ,https://app.tangeche.com/#/car/used/detail?carId=bbAPFAUWD2&cityCode=&provinceCode=,2014款    1.6L 率性版,800000,1.48万公里,2017年07月
http://img.souche.com/files/default/a9a1fb78cce8923d19835bd77e1b375e.jpg,,英菲尼迪,英菲尼迪ESQ,https://app.tangeche.com/#/car/used/detail?carId=0r8e9cXack&cityCode=&provinceCode=,2014款    1.6L 率性版,800000,1.79万公里,2017年10月
http://img.souche.com/04cb20a0f81d2e70704ecb725cf744b9.jpg,,Jeep,Jeep自由侠,https://app.tangeche.com/#/car/used/detail?carId=4ke4hPGzbm&cityCode=&provinceCode=,2017款  180T 自动劲能版,790000,2.77万公里,2017年10月
http://img.souche.com/files/default/70d798d4749e7ab227107b36281caaf6.jpg,,众泰,众泰T600,https://app.tangeche.com/#/car/used/detail?carId=e2sRXI2v3u&cityCode=&provinceCode=,2014款    1.5T 手动豪华型,860000,6.62万公里,2014年09月
http://img.souche.com/4e8d291bb91538374c81ab1d043d9529.jpg,,Jeep,Jeep自由侠,https://app.tangeche.com/#/car/used/detail?carId=fj42wnA42H&cityCode=&provinceCode=,2017款  180T 自动劲能版,790000,6.49万公里,2017年12月
http://img.souche.com/d55b40f3c624043be9fc96c7a0ff24e7.jpg,,英菲尼迪,英菲尼迪ESQ,https://app.tangeche.com/#/car/used/detail?carId=JAcLmLTR3R&cityCode=&provinceCode=,2014款    1.6L 率性版,800000,1.03万公里,2017年08月
http://img.souche.com/7f709da255550f971e2b2422c98c75b2.jpg,,斯柯达,斯柯达野帝,https://app.tangeche.com/#/car/used/detail?carId=RHgTPYnf2G&cityCode=&provinceCode=,2017款  280TSI DSG前行版,540000,1.60万公里,2017年10月
http://img.souche.com/80977b7522e454cb9aa85762733c12cb.jpg,,斯柯达,斯柯达野帝,https://app.tangeche.com/#/car/used/detail?carId=aisPIObapg&cityCode=&provinceCode=,2017款  280TSI DSG前行版,540000,1.47万公里,2017年10月
http://img.souche.com/files/default/071dfd6239e2b16bfe8bdd0e6eaea0b7.jpg,,英菲尼迪,英菲尼迪ESQ,https://app.tangeche.com/#/car/used/detail?carId=ae4WSkGp2t&cityCode=&provinceCode=,2014款    1.6L 率性版,800000,1.44万公里,2017年09月
http://img.souche.com/f3981945a7a2c2b01291464c84b729c1.jpg,,斯柯达,斯柯达野帝,https://app.tangeche.com/#/car/used/detail?carId=1awXRZ5Dso&cityCode=&provinceCode=,2017款  280TSI DSG前行版,540000,4.18万公里,2017年07月
http://img.souche.com/files/default/344314a0d2a1190d342145f572d0157b.jpg,,东风风神,东风风神风神A60,https://app.tangeche.com/#/car/used/detail?carId=OXaeMv5znI&cityCode=&provinceCode=,2016款  1.6L 自动豪华型,410000,2.28万公里,2017年11月
http://img.souche.com/files/default/db93e9ea9186c63091517435133d15df.jpg,,斯柯达,斯柯达野帝,https://app.tangeche.com/#/car/used/detail?carId=CbgxkIrCqA&cityCode=&provinceCode=,2017款  280TSI DSG前行版,540000,1.07万公里,2017年10月
http://img.souche.com/files/default/e0e44b9915e29b09a0419bed77deb564.jpg,,Jeep,Jeep自由侠,https://app.tangeche.com/#/car/used/detail?carId=ZlcjoatNYM&cityCode=&provinceCode=,2017款  180T 自动劲能版,790000,0.85万公里,2018年05月
http://img.souche.com/files/default/7b336e661c4be361f80854f9d6714a88.jpg,,Jeep,Jeep自由侠,https://app.tangeche.com/#/car/used/detail?carId=qb84kAG8uV&cityCode=&provinceCode=,2017款  180T 自动劲能版,790000,2.48万公里,2017年10月
http://img.souche.com/88b56c4e99c945ceaaca9ed6caaaf5b3.jpg,,标致,标致3008,https://app.tangeche.com/#/car/used/detail?carId=vaqKe2xJaL&cityCode=&provinceCode=,2016款  1.6THP 自动领航版,720000,1.95万公里,2017年10月
http://img.souche.com/5d54394d3a7072222f462f128013f54c.jpg,,斯柯达,斯柯达野帝,https://app.tangeche.com/#/car/used/detail?carId=uI44yR822D&cityCode=&provinceCode=,2017款  280TSI DSG前行版,540000,2.16万公里,2017年10月
http://img.souche.com/2c75aa5c75722666e3d9580168f00228.jpg,,标致,标致4008,https://app.tangeche.com/#/car/used/detail?carId=Kn860q3UUZ&cityCode=&provinceCode=,2017款  350THP 精英版,840000,2.81万公里,2017年01月
http://img.souche.com/files/default/a407cccee31536de62a4f4e530a796b9.jpg,,标致,标致301,https://app.tangeche.com/#/car/used/detail?carId=fn8skbWBBk&cityCode=&provinceCode=,2017款  1.6L 自动舒适版,380000,2.14万公里,2017年10月
http://img.souche.com/files/default/a322df57db500ac181d05b0dc5b60800.jpg,,Jeep,Jeep自由侠,https://app.tangeche.com/#/car/used/detail?carId=Df65oPgM0k&cityCode=&provinceCode=,2017款  180T 自动劲能版,790000,0.71万公里,2017年10月
http://img.souche.com/6c099a5b4a6b3c594b9111a7303775c3.jpg,,标致,标致301,https://app.tangeche.com/#/car/used/detail?carId=NC4C0YVAQW&cityCode=&provinceCode=,2017款  1.6L 自动舒适版,380000,1.87万公里,2017年10月
http://img.souche.com/35be002c7559d920136b4824dcb9e020.jpg,,标致,标致301,https://app.tangeche.com/#/car/used/detail?carId=aPsZFQIDG7&cityCode=&provinceCode=,2016款  1.6L 自动舒适定制版,480000,2.49万公里,2017年01月
http://img.souche.com/files/default/f90a074dce24751a59687e0723aeb09b.jpg,,别克,别克昂科拉,https://app.tangeche.com/#/car/used/detail?carId=L7Q7rtOrYa&cityCode=&provinceCode=,2017款  18T 自动两驱都市领先型,540000,2.74万公里,2017年10月
http://img.souche.com/files/default/e1e1959c4bd8225dd4205d8b6dbc1581.jpg,,标致,标致301,https://app.tangeche.com/#/car/used/detail?carId=oPcVPS6Dol&cityCode=&provinceCode=,2017款  1.6L 自动舒适版,380000,1.99万公里,2017年10月
http://img.souche.com/files/default/056e5e3e47ed673977eabc53d53bc47d.jpg,,东风风神,东风风神风神A60,https://app.tangeche.com/#/car/used/detail?carId=01cHkpQX2l&cityCode=&provinceCode=,2016款  1.6L 自动豪华型,410000,1.23万公里,2017年11月
http://img.souche.com/files/default/e5dfea6e135ab9cc25e4eb9fb2c3de21.jpg,,Jeep,Jeep自由侠,https://app.tangeche.com/#/car/used/detail?carId=F3wjFRudUl&cityCode=&provinceCode=,2017款  180T 自动劲能版,790000,2.11万公里,2017年10月
http://img.souche.com/57b8ae82ec3bab350ec155a846db10cc.jpg,,斯柯达,斯柯达野帝,https://app.tangeche.com/#/car/used/detail?carId=4bwVwnCxYJ&cityCode=&provinceCode=,2017款  280TSI DSG前行版,540000,0.98万公里,2018年01月
http://img.souche.com/7c918bd6f2602dbea3ab1b98b84e0c28.jpg,,斯柯达,斯柯达野帝,https://app.tangeche.com/#/car/used/detail?carId=ElKgPKrTOf&cityCode=&provinceCode=,2017款  280TSI DSG前行版,540000,0.63万公里,2017年10月
http://img.souche.com/64a64060a9381afe9922f904734551b2.jpg,,本田,本田雅阁,https://app.tangeche.com/#/car/used/detail?carId=esOSlIjD2g&cityCode=&provinceCode=,2016款  2.0L 舒适版,890000,2.98万公里,2017年10月
http://img.souche.com/d2cf95a1a22ff43d39e530c0471a1035.jpg,,斯柯达,斯柯达野帝,https://app.tangeche.com/#/car/used/detail?carId=Ws6D2Nt2QF&cityCode=&provinceCode=,2017款  280TSI DSG前行版,540000,2.02万公里,2017年10月
http://img.souche.com/aa208cd9d02afd16c403ad03a8437c7e.jpg,,Jeep,Jeep自由侠,https://app.tangeche.com/#/car/used/detail?carId=SF4ym73rKG&cityCode=&provinceCode=,2017款  180T 自动劲能版,790000,1.63万公里,2018年01月
http://img.souche.com/files/default/6264fa8fd353f347ac8d2528c484b20c.jpg,上海,斯柯达,斯柯达野帝,https://app.tangeche.com/#/car/used/detail?carId=1i6z4GvpyY&cityCode=&provinceCode=,2017款  280TSI DSG前行版,540000,3.33万公里,2017年10月
http://img.souche.com/3e1c7ac93c87c0a20cb5f5347ceb8318.jpg,杭州,英菲尼迪,英菲尼迪ESQ,https://app.tangeche.com/#/car/used/detail?carId=iF4OcffZBg&cityCode=&provinceCode=,2014款    1.6L 率性版,800000,1.14万公里,2017年11月
http://img.souche.com/files/default/1799d4f002aaa5d234a93d0386b173d1.jpg,金华,福特,福特福睿斯,https://app.tangeche.com/#/car/used/detail?carId=DhMXAVtrRt&cityCode=&provinceCode=,2017款  1.5L 自动舒适型,430000,4.66万公里,2017年12月
http://img.souche.com/files/default/bf1020cf35ce8db57c8a66db28bc653f.jpg,承德,英菲尼迪,英菲尼迪ESQ,https://app.tangeche.com/#/car/used/detail?carId=GcQNErduAb&cityCode=&provinceCode=,2014款    1.6L 率性版,800000,1.51万公里,2017年09月
http://img.souche.com/files/default/419a82f20f77d4b9d0f8a2f061088f82.jpg,深圳,英菲尼迪,英菲尼迪ESQ,https://app.tangeche.com/#/car/used/detail?carId=PsuGvQCitx&cityCode=&provinceCode=,2014款    1.6L 率性版,800000,2.36万公里,2017年10月
http://img.souche.com/7abd4da60844842963f53a0041b365a9.jpg,昆明,英菲尼迪,英菲尼迪ESQ,https://app.tangeche.com/#/car/used/detail?carId=OzAzdOyi6O&cityCode=&provinceCode=,2014款    1.6L 率性版,800000,2.48万公里,2017年09月
http://img.souche.com/files/default/5a80d6aba14b756f2cda655c430052c3.jpg,黄石,英菲尼迪,英菲尼迪ESQ,https://app.tangeche.com/#/car/used/detail?carId=WFqQZpQGVY&cityCode=&provinceCode=,2014款    1.6L 率性版,800000,2.00万公里,2017年11月
http://img.souche.com/files/default/cbce474762f70e51820f81a8b92a6173.jpg,泉州,英菲尼迪,英菲尼迪ESQ,https://app.tangeche.com/#/car/used/detail?carId=P5gvtmZJy1&cityCode=&provinceCode=,2014款    1.6L 率性版,800000,1.48万公里,2017年09月
http://img.souche.com/6fa9b4c658dbcf92924a71f598ecedef.jpg,汕头,斯柯达,斯柯达野帝,https://app.tangeche.com/#/car/used/detail?carId=IIqqE56xBJ&cityCode=&provinceCode=,2017款  280TSI DSG前行版,540000,2.92万公里,2017年08月
http://img.souche.com/19c191fc0fddb35481487319b89083fb.jpg,茂名,英菲尼迪,英菲尼迪ESQ,https://app.tangeche.com/#/car/used/detail?carId=YYOSnCg4s1&cityCode=&provinceCode=,2014款    1.6L 率性版,800000,2.00万公里,2017年08月
http://img.souche.com/62b4e26f68c94552efa042f012ff36a4.jpg,南宁,英菲尼迪,英菲尼迪ESQ,https://app.tangeche.com/#/car/used/detail?carId=bbAPFAUWD2&cityCode=&provinceCode=,2014款    1.6L 率性版,800000,1.48万公里,2017年07月
http://img.souche.com/files/default/a9a1fb78cce8923d19835bd77e1b375e.jpg,上海,英菲尼迪,英菲尼迪ESQ,https://app.tangeche.com/#/car/used/detail?carId=0r8e9cXack&cityCode=&provinceCode=,2014款    1.6L 率性版,800000,1.79万公里,2017年10月
http://img.souche.com/04cb20a0f81d2e70704ecb725cf744b9.jpg,大连,Jeep,Jeep自由侠,https://app.tangeche.com/#/car/used/detail?carId=4ke4hPGzbm&cityCode=&provinceCode=,2017款  180T 自动劲能版,790000,2.77万公里,2017年10月
http://img.souche.com/files/default/70d798d4749e7ab227107b36281caaf6.jpg,烟台,众泰,众泰T600,https://app.tangeche.com/#/car/used/detail?carId=e2sRXI2v3u&cityCode=&provinceCode=,2014款    1.5T 手动豪华型,860000,6.62万公里,2014年09月
http://img.souche.com/4e8d291bb91538374c81ab1d043d9529.jpg,南京,Jeep,Jeep自由侠,https://app.tangeche.com/#/car/used/detail?carId=fj42wnA42H&cityCode=&provinceCode=,2017款  180T 自动劲能版,790000,6.49万公里,2017年12月
http://img.souche.com/d55b40f3c624043be9fc96c7a0ff24e7.jpg,南宁,英菲尼迪,英菲尼迪ESQ,https://app.tangeche.com/#/car/used/detail?carId=JAcLmLTR3R&cityCode=&provinceCode=,2014款    1.6L 率性版,800000,1.03万公里,2017年08月
http://img.souche.com/7f709da255550f971e2b2422c98c75b2.jpg,常州,斯柯达,斯柯达野帝,https://app.tangeche.com/#/car/used/detail?carId=RHgTPYnf2G&cityCode=&provinceCode=,2017款  280TSI DSG前行版,540000,1.60万公里,2017年10月
http://img.souche.com/80977b7522e454cb9aa85762733c12cb.jpg,焦作,斯柯达,斯柯达野帝,https://app.tangeche.com/#/car/used/detail?carId=aisPIObapg&cityCode=&provinceCode=,2017款  280TSI DSG前行版,540000,1.47万公里,2017年10月
http://img.souche.com/files/default/071dfd6239e2b16bfe8bdd0e6eaea0b7.jpg,深圳,英菲尼迪,英菲尼迪ESQ,https://app.tangeche.com/#/car/used/detail?carId=ae4WSkGp2t&cityCode=&provinceCode=,2014款    1.6L 率性版,800000,1.44万公里,2017年09月
http://img.souche.com/f3981945a7a2c2b01291464c84b729c1.jpg,襄阳,斯柯达,斯柯达野帝,https://app.tangeche.com/#/car/used/detail?carId=1awXRZ5Dso&cityCode=&provinceCode=,2017款  280TSI DSG前行版,540000,4.18万公里,2017年07月
http://img.souche.com/files/default/344314a0d2a1190d342145f572d0157b.jpg,青岛,东风风神,东风风神风神A60,https://app.tangeche.com/#/car/used/detail?carId=OXaeMv5znI&cityCode=&provinceCode=,2016款  1.6L 自动豪华型,410000,2.28万公里,2017年11月
http://img.souche.com/files/default/db93e9ea9186c63091517435133d15df.jpg,西安,斯柯达,斯柯达野帝,https://app.tangeche.com/#/car/used/detail?carId=CbgxkIrCqA&cityCode=&provinceCode=,2017款  280TSI DSG前行版,540000,1.07万公里,2017年10月
http://img.souche.com/files/default/e0e44b9915e29b09a0419bed77deb564.jpg,上海,Jeep,Jeep自由侠,https://app.tangeche.com/#/car/used/detail?carId=ZlcjoatNYM&cityCode=&provinceCode=,2017款  180T 自动劲能版,790000,0.85万公里,2018年05月
http://img.souche.com/files/default/7b336e661c4be361f80854f9d6714a88.jpg,西安,Jeep,Jeep自由侠,https://app.tangeche.com/#/car/used/detail?carId=qb84kAG8uV&cityCode=&provinceCode=,2017款  180T 自动劲能版,790000,2.48万公里,2017年10月
http://img.souche.com/88b56c4e99c945ceaaca9ed6caaaf5b3.jpg,石家庄,标致,标致3008,https://app.tangeche.com/#/car/used/detail?carId=vaqKe2xJaL&cityCode=&provinceCode=,2016款  1.6THP 自动领航版,720000,1.95万公里,2017年10月
http://img.souche.com/5d54394d3a7072222f462f128013f54c.jpg,南昌,斯柯达,斯柯达野帝,https://app.tangeche.com/#/car/used/detail?carId=uI44yR822D&cityCode=&provinceCode=,2017款  280TSI DSG前行版,540000,2.16万公里,2017年10月
http://img.souche.com/2c75aa5c75722666e3d9580168f00228.jpg,宁波,标致,标致4008,https://app.tangeche.com/#/car/used/detail?carId=Kn860q3UUZ&cityCode=&provinceCode=,2017款  350THP 精英版,840000,2.81万公里,2017年01月
http://img.souche.com/files/default/a407cccee31536de62a4f4e530a796b9.jpg,上海,标致,标致301,https://app.tangeche.com/#/car/used/detail?carId=fn8skbWBBk&cityCode=&provinceCode=,2017款  1.6L 自动舒适版,380000,2.14万公里,2017年10月
http://img.souche.com/files/default/a322df57db500ac181d05b0dc5b60800.jpg,宜春,Jeep,Jeep自由侠,https://app.tangeche.com/#/car/used/detail?carId=Df65oPgM0k&cityCode=&provinceCode=,2017款  180T 自动劲能版,790000,0.71万公里,2017年10月
http://img.souche.com/6c099a5b4a6b3c594b9111a7303775c3.jpg,杭州,标致,标致301,https://app.tangeche.com/#/car/used/detail?carId=NC4C0YVAQW&cityCode=&provinceCode=,2017款  1.6L 自动舒适版,380000,1.87万公里,2017年10月
http://img.souche.com/35be002c7559d920136b4824dcb9e020.jpg,中山,标致,标致301,https://app.tangeche.com/#/car/used/detail?carId=aPsZFQIDG7&cityCode=&provinceCode=,2016款  1.6L 自动舒适定制版,480000,2.49万公里,2017年01月
http://img.souche.com/files/default/f90a074dce24751a59687e0723aeb09b.jpg,深圳,别克,别克昂科拉,https://app.tangeche.com/#/car/used/detail?carId=L7Q7rtOrYa&cityCode=&provinceCode=,2017款  18T 自动两驱都市领先型,540000,2.74万公里,2017年10月
http://img.souche.com/files/default/e1e1959c4bd8225dd4205d8b6dbc1581.jpg,襄阳,标致,标致301,https://app.tangeche.com/#/car/used/detail?carId=oPcVPS6Dol&cityCode=&provinceCode=,2017款  1.6L 自动舒适版,380000,1.99万公里,2017年10月
http://img.souche.com/files/default/056e5e3e47ed673977eabc53d53bc47d.jpg,中山,东风风神,东风风神风神A60,https://app.tangeche.com/#/car/used/detail?carId=01cHkpQX2l&cityCode=&provinceCode=,2016款  1.6L 自动豪华型,410000,1.23万公里,2017年11月
http://img.souche.com/files/default/e5dfea6e135ab9cc25e4eb9fb2c3de21.jpg,上海,Jeep,Jeep自由侠,https://app.tangeche.com/#/car/used/detail?carId=F3wjFRudUl&cityCode=&provinceCode=,2017款  180T 自动劲能版,790000,2.11万公里,2017年10月
http://img.souche.com/57b8ae82ec3bab350ec155a846db10cc.jpg,银川,斯柯达,斯柯达野帝,https://app.tangeche.com/#/car/used/detail?carId=4bwVwnCxYJ&cityCode=&provinceCode=,2017款  280TSI DSG前行版,540000,0.98万公里,2018年01月
http://img.souche.com/7c918bd6f2602dbea3ab1b98b84e0c28.jpg,苏州,斯柯达,斯柯达野帝,https://app.tangeche.com/#/car/used/detail?carId=ElKgPKrTOf&cityCode=&provinceCode=,2017款  280TSI DSG前行版,540000,0.63万公里,2017年10月
http://img.souche.com/64a64060a9381afe9922f904734551b2.jpg,南昌,本田,本田雅阁,https://app.tangeche.com/#/car/used/detail?carId=esOSlIjD2g&cityCode=&provinceCode=,2016款  2.0L 舒适版,890000,2.98万公里,2017年10月
http://img.souche.com/d2cf95a1a22ff43d39e530c0471a1035.jpg,哈尔滨,斯柯达,斯柯达野帝,https://app.tangeche.com/#/car/used/detail?carId=Ws6D2Nt2QF&cityCode=&provinceCode=,2017款  280TSI DSG前行版,540000,2.02万公里,2017年10月
http://img.souche.com/aa208cd9d02afd16c403ad03a8437c7e.jpg,深圳,Jeep,Jeep自由侠,https://app.tangeche.com/#/car/used/detail?carId=SF4ym73rKG&cityCode=&provinceCode=,2017款  180T 自动劲能版,790000,1.63万公里,2018年01月
http://img.souche.com/31ec35dc97411014ed833fa41a3b835f.jpg,南京,启辰,启辰D60,https://app.tangeche.com/#/car/used/detail?carId=jsw5twZrLz&cityCode=&provinceCode=,2018款  1.6L CVT智联精英版,450000,1.54万公里,2018年04月
http://img.souche.com/a593654e1789c2dc4a8fc1e7f01c82e7.jpg,佛山,斯柯达,斯柯达野帝,https://app.tangeche.com/#/car/used/detail?carId=vUKm0ggKai&cityCode=&provinceCode=,2017款  280TSI DSG前行版,540000,1.82万公里,2017年09月
http://img.souche.com/0158058d259943355ddc6a22ed381b8d.jpg,台州,标致,标致3008,https://app.tangeche.com/#/car/used/detail?carId=g58Ic9hV45&cityCode=&provinceCode=,2016款  1.6THP 自动领航版,720000,5.17万公里,2017年01月
http://img.souche.com/files/default/7ad0bcaef778437d3915de917c55dc66.jpg,深圳,东风风神,东风风神风神AX4,https://app.tangeche.com/#/car/used/detail?carId=aUs1pbBdQk&cityCode=&provinceCode=,2018款  1.6L DCT潮尚型天窗版,420000,1.13万公里,2018年04月
http://img.souche.com/be2780db8290f3290f9db894eaea573f.jpg,银川,Jeep,Jeep自由光,https://app.tangeche.com/#/car/used/detail?carId=Ayq8Itv9BL&cityCode=&provinceCode=,2017款  2.4L 领先版智能包,970000,2.93万公里,2017年10月
http://img.souche.com/dda93ae8ec349968ea69ec31dee27afd.jpg,重庆,宝马,宝马5系,https://app.tangeche.com/#/car/used/detail?carId=nDw3HLXxjq&cityCode=&provinceCode=,2011款    523Li 领先型,2240000,16.32万公里,2012年02月
http://img.souche.com/files/default/b62638794a00ed1b4183b13a0df279e6.jpg,大理,Jeep,Jeep自由侠,https://app.tangeche.com/#/car/used/detail?carId=e0QP9hQPhD&cityCode=&provinceCode=,2017款  180T 自动劲能版,790000,0.67万公里,2018年04月
http://img.souche.com/6d3fb5f9a11211f40b667f3561f6d43d.jpg,郑州,马自达,马自达CX-4,https://app.tangeche.com/#/car/used/detail?carId=tnMlZd2c8m&cityCode=&provinceCode=,2018款  2.0L 自动两驱蓝天活力版,760000,2.15万公里,2017年11月
http://img.souche.com/ef91b92e7be48adb134d6b205bebbe9d.jpg,宁波,标致,标致508,https://app.tangeche.com/#/car/used/detail?carId=3s4KstEI8E&cityCode=&provinceCode=,2015款  1.6THP 自动致逸天窗版,820000,3.11万公里,2017年01月
http://img.souche.com/de7a960df6ade68f5a303892be71575d.jpg,呼和浩特,东风风神,东风风神风神A60,https://app.tangeche.com/#/car/used/detail?carId=C0Qlwtcz0g&cityCode=&provinceCode=,2016款  1.6L 自动豪华型,410000,2.73万公里,2017年10月
http://img.souche.com/files/default/6602043b97b34832fae17db40fd0798d.jpg,无锡,标致,标致4008,https://app.tangeche.com/#/car/used/detail?carId=7MegeiO46u&cityCode=&provinceCode=,2017款  350THP 精英版,840000,3.32万公里,2017年02月
http://img.souche.com/0c78ca5509f1b6901fc7774052140a6e.jpg,深圳,别克,别克英朗,https://app.tangeche.com/#/car/used/detail?carId=neQt2lz2tF&cityCode=&provinceCode=,2018款  18T 自动精英型,560000,1.26万公里,2018年02月
http://img.souche.com/files/default/0f4ffa22b02655373e326270509fcd99.jpg,沈阳,Jeep,Jeep自由侠,https://app.tangeche.com/#/car/used/detail?carId=ueuQu6ZnZ6&cityCode=&provinceCode=,2017款  180T 自动劲能版,790000,1.07万公里,2017年10月
http://img.souche.com/d5c5574050300c1c5c405c4d46868eee.jpg,沈阳,Jeep,Jeep自由侠,https://app.tangeche.com/#/car/used/detail?carId=4RqicFvvMH&cityCode=&provinceCode=,2017款  180T 自动劲能版,790000,1.94万公里,2017年10月
http://img.souche.com/3ca663b053966c3e174ebad26c0056ad.jpg,丽水,Jeep,Jeep自由光,https://app.tangeche.com/#/car/used/detail?carId=wuekSM37yg&cityCode=&provinceCode=,2017款  2.4L 领先版智能包,970000,3.93万公里,2017年11月
http://img.souche.com/files/default/5ff1b4b4adbd69d6b5ac4cb80aedfc33.jpg,深圳,Jeep,Jeep自由侠,https://app.tangeche.com/#/car/used/detail?carId=GZOUSIOoDo&cityCode=&provinceCode=,2017款  180T 自动劲能版,790000,1.96万公里,2017年10月
http://img.souche.com/c6eaebcab286249cb0d91714e6aafcbc.jpg,宁波,福特,福特福睿斯,https://app.tangeche.com/#/car/used/detail?carId=TiwlqlLoRY&cityCode=&provinceCode=,2017款  1.5L 自动舒适型,430000,1.46万公里,2017年10月
http://img.souche.com/105e2998b7867d201e39e256138574ae.jpg,佛山,别克,别克英朗,https://app.tangeche.com/#/car/used/detail?carId=NpukYSKyQE&cityCode=&provinceCode=,2018款  18T 自动精英型,560000,0.99万公里,2018年05月
http://img.souche.com/aeb3dc01b2bfa5e4b360d57319dbe7f9.jpg,唐山,smart,smart fortwo,https://app.tangeche.com/#/car/used/detail?carId=A56vgazTiO&cityCode=&provinceCode=,2014款    1.0 MHD 硬顶新年特别版,1260000,5.27万公里,2014年04月
http://img.souche.com/files/default/f21eb8accd3b104fa37318d64d2fce97.jpg,沈阳,福特,福特福睿斯,https://app.tangeche.com/#/car/used/detail?carId=WPeGb1cVV5&cityCode=&provinceCode=,2017款  1.5L 自动舒适型,430000,1.58万公里,2017年10月
http://img.souche.com/01acdc1eb5e173d470074c2a027b6565.jpg,东莞,阿尔法罗密欧,阿尔法罗密欧Giulia,https://app.tangeche.com/#/car/used/detail?carId=biuuHRqltw&cityCode=&provinceCode=,2017款  2.0T 200HP 豪华版,1740000,1.46万公里,2017年06月
http://img.souche.com/files/default/6714096e6831a266ef31d16db2ace018.jpg,上海,标致,标致2008,https://app.tangeche.com/#/car/used/detail?carId=PpAPd0WQcd&cityCode=&provinceCode=,2015款  1.6L 自动玩酷版,590000,1.63万公里,2017年09月
http://img.souche.com/files/default/d5b4599056b4dd2c50e54f9b78952556.jpg,黄石,Jeep,Jeep自由侠,https://app.tangeche.com/#/car/used/detail?carId=irgjTjeJ4G&cityCode=&provinceCode=,2017款  180T 自动劲能版,790000,1.44万公里,2017年11月
http://img.souche.com/files/default/f8e9cff1f423bdfc2d6953bc22a07350.jpg,泉州,大众,大众途安,https://app.tangeche.com/#/car/used/detail?carId=4SaY9LGYwk&cityCode=&provinceCode=,2016款 L 280TSI 自动舒适版(7座版),960000,4.26万公里,2017年10月
http://img.souche.com/files/default/e6ead22661cda9ab77ecea34cbcb8002.jpg,新乡,Jeep,Jeep自由侠,https://app.tangeche.com/#/car/used/detail?carId=rEa0dJfqnO&cityCode=&provinceCode=,2017款  180T 自动劲能版,790000,1.90万公里,2017年08月
http://img.souche.com/files/default/0a1b0218fca87086960099dc8664851b.jpg,厦门,标致,标致508,https://app.tangeche.com/#/car/used/detail?carId=MUsHMugN3u&cityCode=&provinceCode=,2015款  1.6THP 自动致逸天窗版,820000,1.44万公里,2017年10月
http://img.souche.com/files/default/449bddd36db5d5ede46994c4d78e2ab0.jpg,济南,铃木,铃木锋驭,https://app.tangeche.com/#/car/used/detail?carId=BW4iY67aPV&cityCode=&provinceCode=,2015款  1.6L CVT两驱精英型,670000,2.41万公里,2017年06月
http://img.souche.com/files/default/2230a3329bfeefe6dde58f270c6e2892.jpg,郑州,本田,本田雅阁,https://app.tangeche.com/#/car/used/detail?carId=IUQ9RrzkSd&cityCode=&provinceCode=,2016款  混动 2.0L 锐酷版,1190000,2.82万公里,2017年10月
http://img.souche.com/files/default/9cafaa4f557b77f7c8ce1777bf512265.jpg,沈阳,标致,标致2008,https://app.tangeche.com/#/car/used/detail?carId=78cZJP04un&cityCode=&provinceCode=,2015款  1.6L 自动玩酷版,590000,0.39万公里,2017年08月
http://img.souche.com/74a352fe3cb97d95908da9fce1e84a42.jpg,湖州,Jeep,Jeep自由侠,https://app.tangeche.com/#/car/used/detail?carId=Z66PK8R2w6&cityCode=&provinceCode=,2017款  180T 自动劲能版,790000,1.95万公里,2017年12月
http://img.souche.com/68b2db264d53769fbecba26a24fad7b3.jpg,咸宁,斯柯达,斯柯达野帝,https://app.tangeche.com/#/car/used/detail?carId=UWAlo1VGWg&cityCode=&provinceCode=,2017款  280TSI DSG前行版,540000,1.71万公里,2017年06月
http://img.souche.com/files/default/ff60b3f257ca89dfc21660064b2918a2.jpg,沈阳,标致,标致2008,https://app.tangeche.com/#/car/used/detail?carId=dfMB3JUTG0&cityCode=&provinceCode=,2015款  1.6L 自动玩酷版,590000,2.00万公里,2017年08月
http://img.souche.com/files/default/dab60669db7b236bfce2743c2016d1b6.jpg,荆州,英菲尼迪,英菲尼迪QX30,https://app.tangeche.com/#/car/used/detail?carId=SeshvAzv2W&cityCode=&provinceCode=,2017款  2.0T 四驱时尚版,1370000,1.20万公里,2017年08月
http://img.souche.com/files/default/06d6702bb7b508ecda3ca55d59bca893.jpg,洛阳,日产,日产天籁,https://app.tangeche.com/#/car/used/detail?carId=gIKmeDF9Wk&cityCode=&provinceCode=,2016款  2.0L XE时尚真皮版,890000,1.30万公里,2018年01月
http://img.souche.com/2d4602684f760c7282459166d001fcb4.jpg,南昌,大众,大众POLO,https://app.tangeche.com/#/car/used/detail?carId=quKwdkoVsw&cityCode=&provinceCode=,2016款  1.4L 自动风尚型,430000,1.47万公里,2017年12月
http://img.souche.com/files/default/ebf3c8eed9cb72fa7f7c915e62d289d7.jpg,阜阳,Jeep,Jeep自由侠,https://app.tangeche.com/#/car/used/detail?carId=8ncHK1wFQ7&cityCode=&provinceCode=,2017款  180T 自动劲能版,790000,3.25万公里,2017年08月
http://img.souche.com/1c82504a9115783df057ff1d6e9f6b5b.jpg,焦作,福特,福特福睿斯,https://app.tangeche.com/#/car/used/detail?carId=4aeKJw30Sg&cityCode=&provinceCode=,2017款  1.5L 自动舒适型,430000,1.79万公里,2017年11月
http://img.souche.com/files/default/78ee517141f7c7694cc65a7ea8159683.jpg,嘉兴,标致,标致2008,https://app.tangeche.com/#/car/used/detail?carId=qyqSSZjmto&cityCode=&provinceCode=,2015款  1.6L 自动玩酷版,590000,1.35万公里,2017年09月
http://img.souche.com/0142470adeb00c6536fa5724a1fa6a76.jpg,新乡,本田,本田雅阁,https://app.tangeche.com/#/car/used/detail?carId=UeOosJws1r&cityCode=&provinceCode=,2016款  混动 2.0L 锐酷版,1190000,2.43万公里,2017年09月
http://img.souche.com/files/default/42906868f47f36ca5961d7599030709e.jpg,深圳,Jeep,Jeep自由光,https://app.tangeche.com/#/car/used/detail?carId=UUwTtVVgnn&cityCode=&provinceCode=,2017款  2.4L 领先版智能包,970000,0.25万公里,2017年11月
http://img.souche.com/files/default/55991e448f9f5be0c3508a61455233c3.jpg,安阳,本田,本田雅阁,https://app.tangeche.com/#/car/used/detail?carId=UgwfjKXM1c&cityCode=&provinceCode=,2016款  混动 2.0L 锐酷版,1190000,6.40万公里,2017年08月
http://img.souche.com/files/default/cf88cd03e130c8e97559b612842c991f.jpg,无锡,Jeep,Jeep自由侠,https://app.tangeche.com/#/car/used/detail?carId=w1MVh4j7mk&cityCode=&provinceCode=,2017款  180T 自动劲能版,790000,1.98万公里,2017年11月
http://img.souche.com/a8c1ef03a962234c49a6d082dd3c3115.jpg,岳阳,别克,别克英朗,https://app.tangeche.com/#/car/used/detail?carId=SMgTJfyymb&cityCode=&provinceCode=,2018款  18T 自动精英型,560000,0.76万公里,2018年03月
http://img.souche.com/f9f39e5e7c46722a6821d41d393a7f60.jpg,南阳,标致,标致2008,https://app.tangeche.com/#/car/used/detail?carId=akcjoCR7lx&cityCode=&provinceCode=,2015款  1.6L 自动玩酷版,590000,3.02万公里,2017年04月
http://img.souche.com/b14491b10a265b616da0b37bc4d02845.jpg,成都,福特,福特福睿斯,https://app.tangeche.com/#/car/used/detail?carId=QJu85t9dAP&cityCode=&provinceCode=,2017款  1.5L 自动舒适型,430000,1.32万公里,2017年10月
http://img.souche.com/c67c5e5f98ef2aa33df2becfa91e27ed.jpg,赣州,别克,别克英朗,https://app.tangeche.com/#/car/used/detail?carId=xSOQKrsQrS&cityCode=&provinceCode=,2018款  18T 自动精英型,560000,1.30万公里,2018年05月
http://img.souche.com/e663e2cf2ddc494de15418dca50b5529.jpg,宜宾,斯柯达,斯柯达速派,https://app.tangeche.com/#/car/used/detail?carId=MDcJ1CDHCt&cityCode=&provinceCode=,2016款  TSI330 DSG公商务版,970000,2.27万公里,2017年10月
http://img.souche.com/files/default/4531f3efca6ba8223b918f8c157168bc.jpg,无锡,福特,福特福睿斯,https://app.tangeche.com/#/car/used/detail?carId=Xuq4o79D7y&cityCode=&provinceCode=,2017款  1.5L 自动舒适型,430000,1.71万公里,2017年10月
http://img.souche.com/89988690dbe7cf3359376e6dcc21eb07.jpg,银川,Jeep,Jeep自由光,https://app.tangeche.com/#/car/used/detail?carId=JY6nSpxJGv&cityCode=&provinceCode=,2017款  2.4L 领先版智能包,970000,1.70万公里,2017年10月
http://img.souche.com/files/default/5a95355abe0daff33cb0bcabf6fb654f.jpg,赣州,标致,标致3008,https://app.tangeche.com/#/car/used/detail?carId=ofcBvvkS4p&cityCode=&provinceCode=,2016款  1.6THP 自动领航版,720000,1.38万公里,2017年10月
http://img.souche.com/files/default/2bb76b6cd9444c8b10d77a553b71614a.jpg,潍坊,马自达,马自达CX-4,https://app.tangeche.com/#/car/used/detail?carId=iMuiDy5mq6&cityCode=&provinceCode=,2018款  2.0L 自动两驱蓝天活力版,760000,1.57万公里,2018年02月
http://img.souche.com/e1db798d07e8d74b2f79fb56abee4586.jpg,宁波,Jeep,Jeep自由侠,https://app.tangeche.com/#/car/used/detail?carId=59gvFLyfbD&cityCode=&provinceCode=,2017款  180T 自动劲能版,790000,1.39万公里,2018年01月
http://img.souche.com/9d562f0c556df0601e6b542e041383ce.jpg,深圳,福特,福特福克斯,https://app.tangeche.com/#/car/used/detail?carId=vFu0wVs4C8&cityCode=&provinceCode=,2018款  两厢 EcoBoost 125 自动超能风尚型智行版,690000,1.80万公里,2018年01月
http://img.souche.com/files/default/840ec227ea0fd8f5c97324d4deb88d55.jpg,中山,Jeep,Jeep自由光,https://app.tangeche.com/#/car/used/detail?carId=aYeMCGH3lW&cityCode=&provinceCode=,2016款  2.4L 领先版+智能包,970000,1.98万公里,2017年04月
http://img.souche.com/files/default/7010ca012cdd065ae506f2e4ab6960dd.jpg,株洲,别克,别克英朗,https://app.tangeche.com/#/car/used/detail?carId=19uqXQNqeB&cityCode=&provinceCode=,2018款  18T 自动精英型,560000,0.29万公里,2018年06月
http://img.souche.com/f27d9d0f695aead9629ce9e550e2c3a2.jpg,新乡,福特,福特蒙迪欧,https://app.tangeche.com/#/car/used/detail?carId=rZ4kF84g52&cityCode=&provinceCode=,2017款  EcoBoost 180 时尚型,960000,1.54万公里,2017年10月
http://img.souche.com/949165ac57afea82b6997bcd34b180fe.jpg,银川,标致,标致2008,https://app.tangeche.com/#/car/used/detail?carId=xc4GaXVBtz&cityCode=&provinceCode=,2015款  1.6L 自动玩酷版,590000,1.26万公里,2017年04月
http://img.souche.com/fbc617b5e090b3bf51a825783f2e3825.jpg,长沙,别克,别克GL6,https://app.tangeche.com/#/car/used/detail?carId=jL8wOMq1Ie&cityCode=&provinceCode=,2018款  18T 6座尊贵型,830000,2.67万公里,2018年02月
http://img.souche.com/files/default/a6bebec23a0a9b6c663d6aca861e653a.jpg,淮安,别克,别克凯越,https://app.tangeche.com/#/car/used/detail?carId=jGw1kN8oPP&cityCode=&provinceCode=,2019款 全新 15N CVT 精英型（天猫特供版）,460000,0.14万公里,2018年08月
http://img.souche.com/d1b7bd45c40184b888d2216ef6255c3c.jpg,成都,标致,标致4008,https://app.tangeche.com/#/car/used/detail?carId=fSQn9Age0h&cityCode=&provinceCode=,2017款  350THP 精英版,840000,2.15万公里,2016年12月
http://img.souche.com/files/default/402fbc42661a8624a9fc3fcf561a498f.jpg,连云港,大众,大众凌渡,https://app.tangeche.com/#/car/used/detail?carId=V0uOz9OQIo&cityCode=&provinceCode=,2017款  230TSI DSG风尚版,790000,0.37万公里,2018年08月
http://img.souche.com/94c7aa4b5e72c4b141a91afca0558ad0.jpg,郴州,福特,福特福睿斯,https://app.tangeche.com/#/car/used/detail?carId=jDuCLFGKdg&cityCode=&provinceCode=,2017款  1.5L 自动舒适型,430000,0.99万公里,2017年12月
http://img.souche.com/files/default/b273d43aa792d5a97efce79febd0fe9e.jpg,无锡,本田,本田凌派,https://app.tangeche.com/#/car/used/detail?carId=HDw1Cqx8Zg&cityCode=&provinceCode=,2017款  1.8L CVT舒适版,620000,1.28万公里,2017年10月
http://img.souche.com/files/default/778ed4b07f0f36538e8562202d70bc9e.jpg,金华,Jeep,Jeep自由光,https://app.tangeche.com/#/car/used/detail?carId=P68AOsf3d1&cityCode=&provinceCode=,2017款  2.0L 优越版,890000,1.14万公里,2018年04月
http://img.souche.com/941634f872440e39b3a37a4ecb04599f.jpg,茂名,大众,大众凌渡,https://app.tangeche.com/#/car/used/detail?carId=f9u2v9iDGb&cityCode=&provinceCode=,2017款  230TSI DSG风尚版,790000,1.71万公里,2017年11月
http://img.souche.com/fe1970189b96275d8faa07281ac3c72b.jpg,湘潭,标致,标致2008,https://app.tangeche.com/#/car/used/detail?carId=ZCABaLFC2N&cityCode=&provinceCode=,2015款  1.6L 自动玩酷版,590000,2.87万公里,2017年07月
http://img.souche.com/files/default/4197270ffbc476765eff513cef342072.jpg,长沙,本田,本田缤智,https://app.tangeche.com/#/car/used/detail?carId=rWuAkUd7vR&cityCode=&provinceCode=,2017款  1.5L CVT两驱舒适型,680000,2.02万公里,2017年10月
http://img.souche.com/7a02f542611b80e3e33254131a247063.jpg,河池,标致,标致4008,https://app.tangeche.com/#/car/used/detail?carId=np84IRp6Ub&cityCode=&provinceCode=,2017款  350THP舒适版(加装P1包),960000,1.25万公里,2017年12月
http://img.souche.com/files/default/d85894c56c2fe355db12400ebc455368.jpg,厦门,标致,标致3008,https://app.tangeche.com/#/car/used/detail?carId=yC4WoP2Dow&cityCode=&provinceCode=,2016款  1.6THP 自动领航版,720000,1.41万公里,2017年10月
http://img.souche.com/files/default/d4b0b1020703688b8e4dd42363759434.jpg,上海,标致,标致3008,https://app.tangeche.com/#/car/used/detail?carId=cFADnlG27B&cityCode=&provinceCode=,2016款  1.6THP 自动领航版,720000,1.50万公里,2017年10月
http://img.souche.com/files/default/538fe5151948a3ebcdf6cbacb3fa30a5.jpg,太原,Jeep,Jeep自由侠,https://app.tangeche.com/#/car/used/detail?carId=kc4Cs5Y2S9&cityCode=&provinceCode=,2017款  180T 自动动能版+,690000,0.24万公里,2018年05月
http://img.souche.com/files/default/9df9cd3581939498dd07d9bf418dca38.jpg,上海,Jeep,Jeep自由光,https://app.tangeche.com/#/car/used/detail?carId=W040seaqIo&cityCode=&provinceCode=,2017款  2.4L 领先版智能包,970000,1.76万公里,2017年10月
http://img.souche.com/3988000743ecef57fe6b565f2a445fa0.jpg,佛山,本田,本田缤智,https://app.tangeche.com/#/car/used/detail?carId=rQqQV6YbQi&cityCode=&provinceCode=,2017款  1.5L CVT两驱舒适型,680000,1.68万公里,2017年10月
http://img.souche.com/files/default/96ef5cd1605cd350b48f95ce88d9ef7b.jpg,泉州,标致,标致2008,https://app.tangeche.com/#/car/used/detail?carId=zpADVTtpJx&cityCode=&provinceCode=,2015款  1.6L 自动玩酷版,590000,1.72万公里,2017年04月
http://img.souche.com/files/default/6ca2dc454fb339fbec4a10af18cbe771.jpg,湘潭,本田,本田雅阁,https://app.tangeche.com/#/car/used/detail?carId=B9qSWoSsEA&cityCode=&provinceCode=,2016款  混动 2.0L 锐酷版,1190000,3.38万公里,2017年07月
http://img.souche.com/files/default/147df4d3356cfd6f582b13870cad2d31.jpg,柳州,标致,标致301,https://app.tangeche.com/#/car/used/detail?carId=JZcPIOVHk4&cityCode=&provinceCode=,2017款  1.6L 自动舒适版,380000,0.64万公里,2017年11月
http://img.souche.com/bf5596a776ce294f78f113dc9bf68a2f.jpg,杭州,别克,别克昂科拉,https://app.tangeche.com/#/car/used/detail?carId=lI8gubR6gu&cityCode=&provinceCode=,2017款  18T 自动两驱都市领先型,540000,1.40万公里,2017年10月
http://img.souche.com/files/default/078ee369dbfe1c1162b9ce174474a16c.jpg,潍坊,别克,别克君越,https://app.tangeche.com/#/car/used/detail?carId=4gaSqbVV2M&cityCode=&provinceCode=,2016款  30H 精英型（混动版）,1170000,4.89万公里,2017年07月
http://img.souche.com/b87fff123ad26e143c2cf0f822cbd8ff.jpg,长沙,福特,福特撼路者,https://app.tangeche.com/#/car/used/detail?carId=OlMvsiWfxk&cityCode=&provinceCode=,2017款  2.0T 汽油自动四驱菁英版 5座,2770000,1.91万公里,2018年03月
http://img.souche.com/639ef900cf1886fcd8559dfabfe78080.jpg,兰州,Jeep,Jeep自由光,https://app.tangeche.com/#/car/used/detail?carId=Daeu3lH0U7&cityCode=&provinceCode=,2017款  2.4L 领先版智能包,970000,3.20万公里,2017年10月
http://img.souche.com/6143b69b39d0aa805c853ff5c695d4c6.jpg,杭州,别克,别克昂科拉,https://app.tangeche.com/#/car/used/detail?carId=1uM9GG0gqn&cityCode=&provinceCode=,2017款  18T 自动两驱都市领先型,540000,1.41万公里,2017年10月
http://img.souche.com/files/default/80445cdb1eef5ba09eb678a5187f7cd1.jpg,芜湖,本田,本田锋范,https://app.tangeche.com/#/car/used/detail?carId=nguaXcWFGQ&cityCode=&provinceCode=,2017款  1.5L CVT舒适版,440000,1.98万公里,2017年10月
http://img.souche.com/files/default/13791bcac25309690e0af6ae55827e25.jpg,长沙,日产,日产轩逸,https://app.tangeche.com/#/car/used/detail?carId=N36He5EnkW&cityCode=&provinceCode=,2016款  经典 1.6XE 自动舒适版,440000,2.76万公里,2017年10月
http://img.souche.com/192f45a4120c4d6f617fe2603b66f7fe.jpg,通辽,本田,本田缤智,https://app.tangeche.com/#/car/used/detail?carId=Gf4MB5QG5A&cityCode=&provinceCode=,2018款  1.5L CVT两驱舒适型,680000,1.16万公里,2018年01月
http://img.souche.com/files/default/3da397cacf124e9c841a17ec38da6234.jpg,连云港,Jeep,Jeep自由光,https://app.tangeche.com/#/car/used/detail?carId=T7Atc4AUD3&cityCode=&provinceCode=,2017款  2.4L 领先版智能包,970000,1.61万公里,2017年10月
http://img.souche.com/ddd89e38b970ed1b226a5ec500a5491f.jpg,佛山,斯柯达,斯柯达明锐,https://app.tangeche.com/#/car/used/detail?carId=bJMF3TIDnw&cityCode=&provinceCode=,2017款  1.6L 手动前行版,590000,1.60万公里,2017年10月
http://img.souche.com/473509c835371309607897e243d84428.jpg,南宁,别克,别克昂科拉,https://app.tangeche.com/#/car/used/detail?carId=ofqsDzGGpk&cityCode=&provinceCode=,2017款  18T 自动两驱都市领先型,540000,1.49万公里,2017年09月
http://img.souche.com/files/default/fc5ee9c97511989a2d73bba855807a83.jpg,柳州,大众,大众凌渡,https://app.tangeche.com/#/car/used/detail?carId=5t44DVk8Wa&cityCode=&provinceCode=,2017款  230TSI DSG风尚版,790000,1.00万公里,2017年10月
http://img.souche.com/files/default/8c015b19a021446e8c77ea63505be874.jpg,赣州,标致,标致2008,https://app.tangeche.com/#/car/used/detail?carId=XX46L0AJak&cityCode=&provinceCode=,2015款  1.6L 自动玩酷版,590000,1.87万公里,2017年05月
http://img.souche.com/files/default/5492c7e52394ca5a5d7075e2ddd09995.jpg,福州,本田,本田雅阁,https://app.tangeche.com/#/car/used/detail?carId=pewL5qsoNN&cityCode=&provinceCode=,2016款  混动 2.0L 锐酷版,1190000,2.14万公里,2017年08月
http://img.souche.com/53b328aacf42612e6424bb014519329c.jpg,赣州,日产,日产天籁,https://app.tangeche.com/#/car/used/detail?carId=gk4qIxLIqQ&cityCode=&provinceCode=,2016款  2.0L XE时尚真皮版,890000,3.44万公里,2017年07月
http://img.souche.com/b25a56650d0634e353f59ddd5dc6c932.jpg,长沙,大众,大众凌渡,https://app.tangeche.com/#/car/used/detail?carId=PUeCpG2eK1&cityCode=&provinceCode=,2017款  230TSI DSG风尚版,790000,2.40万公里,2017年10月
http://img.souche.com/files/default/d68e91c8003a34bf3e6c0f62e8ebcaa5.jpg,金华,奔驰,奔驰C级,https://app.tangeche.com/#/car/used/detail?carId=xOslxpYhyo&cityCode=&provinceCode=,2015款    C 200 L 运动型,3690000,6.83万公里,2015年05月
http://img.souche.com/5585f2471048479108b7aef98440c1a8.jpg,南宁,马自达,马自达阿特兹,https://app.tangeche.com/#/car/used/detail?carId=bEaE30DcWx&cityCode=&provinceCode=,2018款  2.5L 蓝天运动版,990000,0.29万公里,2018年04月
http://img.souche.com/75a5808d596f73d445295708f9b8f3d0.jpg,河池,标致,标致2008,https://app.tangeche.com/#/car/used/detail?carId=8Wsrg17Sjy&cityCode=&provinceCode=,2015款  1.6L 自动玩酷版,590000,1.66万公里,2017年01月
http://img.souche.com/8d2cbbe6113ece999c09e160f6da84c7.jpg,兰州,福特,福特福睿斯,https://app.tangeche.com/#/car/used/detail?carId=LwuII6Mpyr&cityCode=&provinceCode=,2017款  1.5L 自动舒适型,430000,1.40万公里,2018年05月
http://img.souche.com/files/default/0c19397c5a2713ad31ee842a7d69b9d4.jpg,玉溪,Jeep,Jeep自由光,https://app.tangeche.com/#/car/used/detail?carId=1RKSw7yhKl&cityCode=&provinceCode=,2016款  2.4L 领先版+智能包,970000,1.38万公里,2017年05月
http://img.souche.com/files/default/3a7868f1e16fb6dc17d279669a4fe32a.jpg,鹤岗,WEY,WEYVV7,https://app.tangeche.com/#/car/used/detail?carId=HR4qKVMIdn&cityCode=&provinceCode=,2017款 WEY c 旗舰型,1850000,1.16万公里,2018年02月
http://img.souche.com/12b380e39cd1e311d3f9ff6c275d62fa.jpg,唐山,大众,大众迈腾,https://app.tangeche.com/#/car/used/detail?carId=EX82PmS0En&cityCode=&provinceCode=,2018款  280TSI DSG 越享型,980000,0.14万公里,2018年08月
http://img.souche.com/files/default/ecccc0d41c34cde17fb3737a97aec3c9.jpg,开封,别克,别克君越,https://app.tangeche.com/#/car/used/detail?carId=0ZgVAYRQv6&cityCode=&provinceCode=,2016款  30H 精英型（混动版）,1170000,2.69万公里,2017年10月
http://img.souche.com/be7e9592768391df502fee8aaea43100.jpg,昆明,Jeep,Jeep自由侠,https://app.tangeche.com/#/car/used/detail?carId=7RKKqzlXKs&cityCode=&provinceCode=,2017款  180T 自动动能版+,690000,1.31万公里,2018年01月
http://img.souche.com/files/default/ba05338eb90e08ce7aa62fc26ad12d54.jpg,济宁,日产,日产骊威,https://app.tangeche.com/#/car/used/detail?carId=1NsBpWPrKC&cityCode=&provinceCode=,2015款  1.6XE CVT舒适版,470000,0.70万公里,2018年05月
http://img.souche.com/files/default/1efaa25aa799edb066737dad71a25f67.jpg,中山,别克,别克君越,https://app.tangeche.com/#/car/used/detail?carId=w04wPahlWP&cityCode=&provinceCode=,2016款  30H 精英型（混动版）,1170000,1.47万公里,2017年11月
http://img.souche.com/8f6c605ef5d324285c07021857071d8c.jpg,武汉,Jeep,Jeep自由光,https://app.tangeche.com/#/car/used/detail?carId=Hw6lJ8f56k&cityCode=&provinceCode=,2016款  2.0L 优越版,1090000,4.56万公里,2017年01月
http://img.souche.com/d509c2a98dd1e19a1e309252d65b79cd.jpg,柳州,日产,日产骊威,https://app.tangeche.com/#/car/used/detail?carId=BtOGHzIdQB&cityCode=&provinceCode=,2015款  1.6XE CVT舒适版,470000,1.99万公里,2017年07月
http://img.souche.com/0be585f9276712cf5f8e1d491f90ff5b.jpg,贵阳,大众,大众捷达,https://app.tangeche.com/#/car/used/detail?carId=54Qj5vCGdx&cityCode=&provinceCode=,2015款  质惠版 1.6L 自动时尚型,470000,0.66万公里,2018年03月
http://img.souche.com/a3420dddf26c9c386047dd513d691170.jpg,长春,大众,大众POLO,https://app.tangeche.com/#/car/used/detail?carId=KP40LnmWB9&cityCode=&provinceCode=,2016款  1.4L 自动风尚型,430000,1.47万公里,2018年06月
http://img.souche.com/files/default/f120d625383a1f823f3f9ca65f85fba6.jpg,上海,Jeep,Jeep自由光,https://app.tangeche.com/#/car/used/detail?carId=HSec87kH61&cityCode=&provinceCode=,2017款  2.4L 领先版智能包,970000,2.27万公里,2017年10月
http://img.souche.com/cbbbfd4833aba40e1b3e6281eca340ef.jpg,常州,Jeep,Jeep自由光,https://app.tangeche.com/#/car/used/detail?carId=6b6D0JFggL&cityCode=&provinceCode=,2017款  2.4L 领先版智能包,970000,1.09万公里,2017年10月
http://img.souche.com/59573c512a22df2800cf7b9b72ec332f.jpg,东莞,标致,标致2008,https://app.tangeche.com/#/car/used/detail?carId=NUgNoXUFTL&cityCode=&provinceCode=,2015款  1.6L 自动玩酷版,590000,1.76万公里,2017年04月
http://img.souche.com/files/default/7a61cb0e1fe367239657e7b2ab7befa8.jpg,韶关,别克,别克英朗,https://app.tangeche.com/#/car/used/detail?carId=miQHvX1L2W&cityCode=&provinceCode=,2018款  18T 自动精英型,560000,2.15万公里,2017年12月
http://img.souche.com/files/default/4f3769fd7ff72c0ce839043f2c9a9a91.jpg,泉州,标致,标致508,https://app.tangeche.com/#/car/used/detail?carId=MJ6bOk5ACH&cityCode=&provinceCode=,2015款  1.6THP 自动致逸天窗版,820000,1.75万公里,2017年06月
http://img.souche.com/cd788c8e67babb1bc26b1e93c94f5900.jpg,北京,福特,福特蒙迪欧,https://app.tangeche.com/#/car/used/detail?carId=5Iu2yZrMfH&cityCode=&provinceCode=,2017款  EcoBoost 180 时尚型,960000,1.69万公里,2017年10月
http://img.souche.com/c7cb58e02cd69729d0a16878c954223b.jpg,长春,标致,标致4008,https://app.tangeche.com/#/car/used/detail?carId=gKg71M3dju&cityCode=&provinceCode=,2017款  350THP舒适版(加装P1包),960000,1.14万公里,2017年11月
http://img.souche.com/files/default/079eff96b4a74586628c0ef963f1c7cf.jpg,安阳,标致,标致2008,https://app.tangeche.com/#/car/used/detail?carId=p06Fv6TZ7T&cityCode=&provinceCode=,2015款  1.6L 自动玩酷版,590000,1.36万公里,2017年09月
http://img.souche.com/5af0b95a3902857345f331e6e00a2b28.jpg,合肥,本田,本田思铂睿,https://app.tangeche.com/#/car/used/detail?carId=fMM3RUNN7x&cityCode=&provinceCode=,2013款    2.0L 豪华版,1070000,10.10万公里,2013年07月
http://img.souche.com/files/default/70e337532ebddc45816241fe3a8a3f9d.jpg,平顶山,Jeep,Jeep自由侠,https://app.tangeche.com/#/car/used/detail?carId=dxsxviTEpe&cityCode=&provinceCode=,2017款  180T 自动劲能版,790000,1.42万公里,2018年03月
http://img.souche.com/files/default/726d2069da0015bc46628c3e9eb95ac5.jpg,武汉,福特,福特福睿斯,https://app.tangeche.com/#/car/used/detail?carId=OZqQ1mUSLh&cityCode=&provinceCode=,2017款  1.5L 自动舒适型,430000,2.48万公里,2017年10月
http://img.souche.com/e4775615110295031bad5d96bf891b60.jpg,合肥,Jeep,Jeep自由光,https://app.tangeche.com/#/car/used/detail?carId=ipgnNjl3nS&cityCode=&provinceCode=,2017款  2.0L 优越版,890000,1.97万公里,2017年05月
http://img.souche.com/b7556ab97b5f0912290e8d97346333c5.jpg,南京,别克,别克GL8,https://app.tangeche.com/#/car/used/detail?carId=3rg5XKAhCS&cityCode=&provinceCode=,2017款  25S 豪华型,1240000,1.68万公里,2017年11月
